username,ip_address,datetime,plan
hasiru pinsara,127.0.0.1,Mon Apr 22 10:57:36 2024,free 
hasiru pinsara,127.0.0.1,Mon Apr 22 10:58:09 2024,free 
hasiru pinsara 2,127.0.0.1,Mon Apr 22 11:05:43 2024,free 
hasiru pinsara 2,127.0.0.1,Mon Apr 22 11:06:28 2024,free 
hasiru pinsara,127.0.0.1,Mon Apr 22 11:07:22 2024,free 
hasiru pinsara 2,127.0.0.1,Mon Apr 22 11:07:30 2024,free 
hasiru pinsara 2,127.0.0.1,Mon Apr 22 11:10:03 2024,free 
hasiru pinsara 2,127.0.0.1,Mon Apr 22 11:10:31 2024,free 
hasiru pinsara 2,127.0.0.1,Mon Apr 22 13:51:55 2024,free 
hasiru pinsara 2,127.0.0.1,Mon Apr 22 14:09:59 2024,free 
hasiru,127.0.0.1,Wed Apr 24 15:53:50 2024,free 
hasiru,127.0.0.1,Wed Apr 24 15:54:32 2024,free 
hasiru,127.0.0.1,Wed Apr 24 15:55:09 2024,free 
hasiru,127.0.0.1,Wed Apr 24 15:55:29 2024,free 
hasiru,127.0.0.1,Wed Apr 24 15:55:43 2024,free 
hasiru,127.0.0.1,Wed Apr 24 15:55:48 2024,free 
hasiru,127.0.0.1,Wed Apr 24 15:56:28 2024,free 
hasiru,127.0.0.1,Wed Apr 24 18:40:21 2024,free 
hasiru,127.0.0.1,Wed Apr 24 18:40:52 2024,free 
hasiru,127.0.0.1,Wed Apr 24 19:01:46 2024,max 
hasiru,127.0.0.1,Wed Apr 24 19:17:20 2024,free 
hasiru,127.0.0.1,Wed Apr 24 19:20:19 2024,free 
hasiru,127.0.0.1,Wed Apr 24 19:20:45 2024,free 
hasiru,127.0.0.1,Wed Apr 24 19:21:22 2024,free 
hasiru,127.0.0.1,Wed Apr 24 19:22:03 2024,free 
hasiru,127.0.0.1,Wed Apr 24 19:25:31 2024,free 
hasiru,127.0.0.1,Wed Apr 24 19:25:42 2024,free 
hasiru,127.0.0.1,Wed Apr 24 19:25:44 2024,free 
hasiru,127.0.0.1,Wed Apr 24 19:26:39 2024,free 
hasiru,127.0.0.1,Wed Apr 24 19:26:40 2024,free 
hasiru,127.0.0.1,Wed Apr 24 19:26:41 2024,free 
hasiru,127.0.0.1,Wed Apr 24 19:27:40 2024,max lite 
hasiru,127.0.0.1,Wed Apr 24 19:27:45 2024,max lite 
hasiru,127.0.0.1,Wed Apr 24 19:27:47 2024,max lite 
hasiru,127.0.0.1,Wed Apr 24 19:27:48 2024,max lite 
hasiru,127.0.0.1,Wed Apr 24 19:27:49 2024,max lite 
hasiru,127.0.0.1,Wed Apr 24 19:29:22 2024,max lite 
hasiru,127.0.0.1,Wed Apr 24 19:29:50 2024,max lite 
hasiru,127.0.0.1,Wed Apr 24 19:30:34 2024,max lite 
hasiru,127.0.0.1,Wed Apr 24 19:31:41 2024,max lite 
hasiru,127.0.0.1,Wed Apr 24 19:31:58 2024,max lite 
hasiru,127.0.0.1,Wed Apr 24 19:32:08 2024,max lite 
hasiru,127.0.0.1,Wed Apr 24 19:34:06 2024,max lite 
hasiru,127.0.0.1,Wed Apr 24 19:35:05 2024,max lite 
hasiru,127.0.0.1,Wed Apr 24 19:37:29 2024,max lite 
